,run_id,model,target_col,window,param_grid,period,training_range,horizon,use_regressors,regressor_cols,backtest,start_date,end_date,best_params,forecast_json,error,MAE,MAPE,RMSE,R2,Bias
0,prophet_Sales_6_20250709174738,prophet,Sales,,"{'changepoint_prior_scale': [0.01, 0.1, 1], 'seasonality_prior_scale': [5, 10, 15, 20], 'fourier_order': [5, 10]}",365.25,34,6,True,['Oil_Price'],True,1/1/2022 0:00,5/1/2025 0:00,"{'changepoint_prior_scale': 1.0, 'seasonality_prior_scale': 20.0, 'fourier_order': 5.0}","[{'Month': Timestamp('2024-12-01 00:00:00'), 'forecast': 3481862.1967971544, 'Sales': 4162649.379999999}, {'Month': Timestamp('2025-01-01 00:00:00'), 'forecast': 1478794.5810347295, 'Sales': 1584992.3099999998}, {'Month': Timestamp('2025-02-01 00:00:00'), 'forecast': 2454151.61424294, 'Sales': 3191815.009999999}, {'Month': Timestamp('2025-03-01 00:00:00'), 'forecast': 2782677.132159466, 'Sales': 3982548.789999999}, {'Month': Timestamp('2025-04-01 00:00:00'), 'forecast': 2114221.820792367, 'Sales': 3142322.3999999985}, {'Month': Timestamp('2025-05-01 00:00:00'), 'forecast': 3028772.8023326793, 'Sales': 4441144.319999999}]",,860832.0104,23.47%,958329.4955,-0.019096368,-860832.0104
1,prophet_Sales_6_20250709174846,prophet,Sales,,"{'changepoint_prior_scale': [0.01, 0.1, 1], 'seasonality_prior_scale': [5, 10, 15, 20], 'fourier_order': [5, 10]}",365.25,34,6,False,,True,1/1/2022 0:00,5/1/2025 0:00,"{'changepoint_prior_scale': 1.0, 'seasonality_prior_scale': 20.0, 'fourier_order': 5.0}","[{'Month': Timestamp('2024-12-01 00:00:00'), 'forecast': 3481865.171553693, 'Sales': 4162649.379999999}, {'Month': Timestamp('2025-01-01 00:00:00'), 'forecast': 1478796.726675713, 'Sales': 1584992.3099999998}, {'Month': Timestamp('2025-02-01 00:00:00'), 'forecast': 2454154.3919379152, 'Sales': 3191815.009999999}, {'Month': Timestamp('2025-03-01 00:00:00'), 'forecast': 2782680.6674091956, 'Sales': 3982548.789999999}, {'Month': Timestamp('2025-04-01 00:00:00'), 'forecast': 2114225.0837374344, 'Sales': 3142322.3999999985}, {'Month': Timestamp('2025-05-01 00:00:00'), 'forecast': 3028775.720806809, 'Sales': 4441144.319999999}]",,860829.0746,23.47%,958326.7094,-0.019090442,-860829.0746
2,prophet_Sales_6_20250709174949,prophet,Sales,,"{'changepoint_prior_scale': [0.01, 0.1, 1], 'seasonality_prior_scale': [5, 10, 15, 20], 'fourier_order': [5, 10]}",365.25,32,6,True,['Oil_Price'],True,1/1/2022 0:00,3/1/2025 0:00,"{'changepoint_prior_scale': 1.0, 'seasonality_prior_scale': 10.0, 'fourier_order': 5.0}","[{'Month': Timestamp('2024-10-01 00:00:00'), 'forecast': 1602091.1280560978, 'Sales': 2944637.78}, {'Month': Timestamp('2024-11-01 00:00:00'), 'forecast': 2160076.8604604765, 'Sales': 2906970.83}, {'Month': Timestamp('2024-12-01 00:00:00'), 'forecast': 2773888.253315279, 'Sales': 4162649.379999999}, {'Month': Timestamp('2025-01-01 00:00:00'), 'forecast': 645876.0067358627, 'Sales': 1584992.3099999998}, {'Month': Timestamp('2025-02-01 00:00:00'), 'forecast': 1634278.2179891942, 'Sales': 3191815.009999999}, {'Month': Timestamp('2025-03-01 00:00:00'), 'forecast': 1880425.914549407, 'Sales': 3982548.789999999}]",,1346162.953,44.25%,1415139.596,-1.815193618,-1346162.953
3,prophet_Sales_6_20250709175043,prophet,Sales,,"{'changepoint_prior_scale': [0.01, 0.1, 1], 'seasonality_prior_scale': [5, 10, 15, 20], 'fourier_order': [5, 10]}",365.25,32,6,False,,True,1/1/2022 0:00,3/1/2025 0:00,"{'changepoint_prior_scale': 1.0, 'seasonality_prior_scale': 10.0, 'fourier_order': 5.0}","[{'Month': Timestamp('2024-10-01 00:00:00'), 'forecast': 1602100.0242935955, 'Sales': 2944637.78}, {'Month': Timestamp('2024-11-01 00:00:00'), 'forecast': 2160086.5314109884, 'Sales': 2906970.83}, {'Month': Timestamp('2024-12-01 00:00:00'), 'forecast': 2773898.591756808, 'Sales': 4162649.379999999}, {'Month': Timestamp('2025-01-01 00:00:00'), 'forecast': 645886.8868000463, 'Sales': 1584992.3099999998}, {'Month': Timestamp('2025-02-01 00:00:00'), 'forecast': 1634289.4660071176, 'Sales': 3191815.009999999}, {'Month': Timestamp('2025-03-01 00:00:00'), 'forecast': 1880437.3651143853, 'Sales': 3982548.789999999}]",,1346152.539,44.25%,1415129.546,-1.815153633,-1346152.539
4,prophet_Sales_6_20250709175146,prophet,Sales,,"{'changepoint_prior_scale': [0.01, 0.1, 1], 'seasonality_prior_scale': [5, 10, 15, 20], 'fourier_order': [5, 10]}",365.25,30,6,True,['Oil_Price'],True,1/1/2022 0:00,1/1/2025 0:00,"{'changepoint_prior_scale': 1.0, 'seasonality_prior_scale': 10.0, 'fourier_order': 5.0}","[{'Month': Timestamp('2024-08-01 00:00:00'), 'forecast': 4121803.028633536, 'Sales': 3129936.57}, {'Month': Timestamp('2024-09-01 00:00:00'), 'forecast': 5584908.405595751, 'Sales': 4548466.009999999}, {'Month': Timestamp('2024-10-01 00:00:00'), 'forecast': 2354612.601193302, 'Sales': 2944637.78}, {'Month': Timestamp('2024-11-01 00:00:00'), 'forecast': 3051396.370074697, 'Sales': 2906970.83}, {'Month': Timestamp('2024-12-01 00:00:00'), 'forecast': 3751723.3001132295, 'Sales': 4162649.379999999}, {'Month': Timestamp('2025-01-01 00:00:00'), 'forecast': 1715823.0005373685, 'Sales': 1584992.3099999998}]",,550752.7239,16.27%,659921.3681,0.525627722,217102.3044
5,prophet_Sales_6_20250709175343,prophet,Sales,,"{'changepoint_prior_scale': [0.01, 0.1, 1], 'seasonality_prior_scale': [5, 10, 15, 20], 'fourier_order': [5, 10]}",365.25,30,6,False,,True,1/1/2022 0:00,1/1/2025 0:00,"{'changepoint_prior_scale': 1.0, 'seasonality_prior_scale': 10.0, 'fourier_order': 5.0}","[{'Month': Timestamp('2024-08-01 00:00:00'), 'forecast': 4121805.6601190763, 'Sales': 3129936.57}, {'Month': Timestamp('2024-09-01 00:00:00'), 'forecast': 5584911.244522965, 'Sales': 4548466.009999999}, {'Month': Timestamp('2024-10-01 00:00:00'), 'forecast': 2354615.6408705204, 'Sales': 2944637.78}, {'Month': Timestamp('2024-11-01 00:00:00'), 'forecast': 3051399.6171935876, 'Sales': 2906970.83}, {'Month': Timestamp('2024-12-01 00:00:00'), 'forecast': 3751726.7479821257, 'Sales': 4162649.379999999}, {'Month': Timestamp('2025-01-01 00:00:00'), 'forecast': 1715826.6558479369, 'Sales': 1584992.3099999998}]",,550753.7048,16.27%,659922.1988,0.525626528,217105.4478
6,prophet_Sales_6_20250709175540,prophet,Sales,,"{'changepoint_prior_scale': [0.01, 0.1, 1], 'seasonality_prior_scale': [5, 10, 15, 20], 'fourier_order': [5, 10]}",365.25,28,6,True,['Oil_Price'],True,1/1/2022 0:00,11/1/2024 0:00,"{'changepoint_prior_scale': 1.0, 'seasonality_prior_scale': 15.0, 'fourier_order': 5.0}","[{'Month': Timestamp('2024-06-01 00:00:00'), 'forecast': 5315939.476226729, 'Sales': 3595323.22}, {'Month': Timestamp('2024-07-01 00:00:00'), 'forecast': 3273698.6494410285, 'Sales': 2950430.7299999995}, {'Month': Timestamp('2024-08-01 00:00:00'), 'forecast': 4689013.767002102, 'Sales': 3129936.57}, {'Month': Timestamp('2024-09-01 00:00:00'), 'forecast': 6293716.580585434, 'Sales': 4548466.009999999}, {'Month': Timestamp('2024-10-01 00:00:00'), 'forecast': 2982586.027572488, 'Sales': 2944637.78}, {'Month': Timestamp('2024-11-01 00:00:00'), 'forecast': 3824300.8938517673, 'Sales': 2906970.83}]",,1050581.709,29.97%,1250638.385,-3.544406709,1050581.709
7,prophet_Sales_6_20250709175749,prophet,Sales,,"{'changepoint_prior_scale': [0.01, 0.1, 1], 'seasonality_prior_scale': [5, 10, 15, 20], 'fourier_order': [5, 10]}",365.25,28,6,False,,True,1/1/2022 0:00,11/1/2024 0:00,"{'changepoint_prior_scale': 1.0, 'seasonality_prior_scale': 15.0, 'fourier_order': 5.0}","[{'Month': Timestamp('2024-06-01 00:00:00'), 'forecast': 5315939.478169037, 'Sales': 3595323.22}, {'Month': Timestamp('2024-07-01 00:00:00'), 'forecast': 3273698.6515971567, 'Sales': 2950430.7299999995}, {'Month': Timestamp('2024-08-01 00:00:00'), 'forecast': 4689013.769379178, 'Sales': 3129936.57}, {'Month': Timestamp('2024-09-01 00:00:00'), 'forecast': 6293716.583183458, 'Sales': 4548466.009999999}, {'Month': Timestamp('2024-10-01 00:00:00'), 'forecast': 2982586.030384332, 'Sales': 2944637.78}, {'Month': Timestamp('2024-11-01 00:00:00'), 'forecast': 3824300.89688456, 'Sales': 2906970.83}]",,1050581.712,29.97%,1250638.387,-3.544406723,1050581.712
8,prophet_Consumption_6_20250709175951,prophet,Consumption,,"{'changepoint_prior_scale': [0.01, 0.1, 1], 'seasonality_prior_scale': [5, 10, 15, 20], 'fourier_order': [5, 10]}",365.25,67,6,True,"['Oil_Price', 'Sales']",True,1/1/2019 0:00,2/1/2025 0:00,"{'changepoint_prior_scale': 1.0, 'seasonality_prior_scale': 20.0, 'fourier_order': 5.0}","[{'Month': Timestamp('2024-09-01 00:00:00'), 'forecast': 3744174.5079014692, 'Consumption': 4137259.0}, {'Month': Timestamp('2024-10-01 00:00:00'), 'forecast': 4830038.020228754, 'Consumption': 3888397.0}, {'Month': Timestamp('2024-11-01 00:00:00'), 'forecast': 4366948.081605852, 'Consumption': 3635857.0}, {'Month': Timestamp('2024-12-01 00:00:00'), 'forecast': 4716591.444458609, 'Consumption': 3500839.0}, {'Month': Timestamp('2025-01-01 00:00:00'), 'forecast': 4920318.058940807, 'Consumption': 4815265.0}, {'Month': Timestamp('2025-02-01 00:00:00'), 'forecast': 4319010.0940905325, 'Consumption': 4769272.0}]",,639480.6672,16.70%,737961.5317,-1.072618198,358365.2012
9,prophet_Consumption_6_20250709180002,prophet,Consumption,,"{'changepoint_prior_scale': [0.01, 0.1, 1], 'seasonality_prior_scale': [5, 10, 15, 20], 'fourier_order': [5, 10]}",365.25,67,6,True,['Oil_Price'],True,1/1/2019 0:00,2/1/2025 0:00,"{'changepoint_prior_scale': 0.1, 'seasonality_prior_scale': 5.0, 'fourier_order': 5.0}","[{'Month': Timestamp('2024-09-01 00:00:00'), 'forecast': 3381856.3200680306, 'Consumption': 4137259.0}, {'Month': Timestamp('2024-10-01 00:00:00'), 'forecast': 4543007.589335186, 'Consumption': 3888397.0}, {'Month': Timestamp('2024-11-01 00:00:00'), 'forecast': 4070497.7366343685, 'Consumption': 3635857.0}, {'Month': Timestamp('2024-12-01 00:00:00'), 'forecast': 4182534.209810559, 'Consumption': 3500839.0}, {'Month': Timestamp('2025-01-01 00:00:00'), 'forecast': 5188810.60572395, 'Consumption': 4815265.0}, {'Month': Timestamp('2025-02-01 00:00:00'), 'forecast': 4310690.1216327315, 'Consumption': 4769272.0}]",,559746.1166,13.98%,577725.8318,-0.27026822,155084.5972
10,prophet_Consumption_6_20250709180012,prophet,Consumption,,"{'changepoint_prior_scale': [0.01, 0.1, 1], 'seasonality_prior_scale': [5, 10, 15, 20], 'fourier_order': [5, 10]}",365.25,67,6,True,['Sales'],True,1/1/2019 0:00,2/1/2025 0:00,"{'changepoint_prior_scale': 1.0, 'seasonality_prior_scale': 20.0, 'fourier_order': 5.0}","[{'Month': Timestamp('2024-09-01 00:00:00'), 'forecast': 3744173.8659337033, 'Consumption': 4137259.0}, {'Month': Timestamp('2024-10-01 00:00:00'), 'forecast': 4830037.365482615, 'Consumption': 3888397.0}, {'Month': Timestamp('2024-11-01 00:00:00'), 'forecast': 4366947.413655395, 'Consumption': 3635857.0}, {'Month': Timestamp('2024-12-01 00:00:00'), 'forecast': 4716590.76372978, 'Consumption': 3500839.0}, {'Month': Timestamp('2025-01-01 00:00:00'), 'forecast': 4920317.36500766, 'Consumption': 4815265.0}, {'Month': Timestamp('2025-02-01 00:00:00'), 'forecast': 4319009.386953068, 'Consumption': 4769272.0}]",,639480.4425,16.70%,737961.2077,-1.072616378,358364.5268
11,prophet_Consumption_6_20250709180022,prophet,Consumption,,"{'changepoint_prior_scale': [0.01, 0.1, 1], 'seasonality_prior_scale': [5, 10, 15, 20], 'fourier_order': [5, 10]}",365.25,67,6,False,,True,1/1/2019 0:00,2/1/2025 0:00,"{'changepoint_prior_scale': 0.1, 'seasonality_prior_scale': 5.0, 'fourier_order': 5.0}","[{'Month': Timestamp('2024-09-01 00:00:00'), 'forecast': 3381856.320057654, 'Consumption': 4137259.0}, {'Month': Timestamp('2024-10-01 00:00:00'), 'forecast': 4543007.589324628, 'Consumption': 3888397.0}, {'Month': Timestamp('2024-11-01 00:00:00'), 'forecast': 4070497.736623622, 'Consumption': 3635857.0}, {'Month': Timestamp('2024-12-01 00:00:00'), 'forecast': 4182534.209799633, 'Consumption': 3500839.0}, {'Month': Timestamp('2025-01-01 00:00:00'), 'forecast': 5188810.605712835, 'Consumption': 4815265.0}, {'Month': Timestamp('2025-02-01 00:00:00'), 'forecast': 4310690.12162143, 'Consumption': 4769272.0}]",,559746.1166,13.98%,577725.8318,-0.27026822,155084.5972
12,prophet_Consumption_6_20250709180032,prophet,Consumption,,"{'changepoint_prior_scale': [0.01, 0.1, 1], 'seasonality_prior_scale': [5, 10, 15, 20], 'fourier_order': [5, 10]}",365.25,67,6,False,,True,1/1/2019 0:00,2/1/2025 0:00,"{'changepoint_prior_scale': 0.1, 'seasonality_prior_scale': 5.0, 'fourier_order': 5.0}","[{'Month': Timestamp('2024-09-01 00:00:00'), 'forecast': 3381856.320057654, 'Consumption': 4137259.0}, {'Month': Timestamp('2024-10-01 00:00:00'), 'forecast': 4543007.589324628, 'Consumption': 3888397.0}, {'Month': Timestamp('2024-11-01 00:00:00'), 'forecast': 4070497.736623622, 'Consumption': 3635857.0}, {'Month': Timestamp('2024-12-01 00:00:00'), 'forecast': 4182534.209799633, 'Consumption': 3500839.0}, {'Month': Timestamp('2025-01-01 00:00:00'), 'forecast': 5188810.605712835, 'Consumption': 4815265.0}, {'Month': Timestamp('2025-02-01 00:00:00'), 'forecast': 4310690.12162143, 'Consumption': 4769272.0}]",,559746.1166,13.98%,577725.8318,-0.27026822,155084.5972
13,prophet_Consumption_6_20250709180043,prophet,Consumption,,"{'changepoint_prior_scale': [0.01, 0.1, 1], 'seasonality_prior_scale': [5, 10, 15, 20], 'fourier_order': [5, 10]}",365.25,65,6,True,"['Oil_Price', 'Sales']",True,1/1/2019 0:00,12/1/2024 0:00,"{'changepoint_prior_scale': 0.1, 'seasonality_prior_scale': 5.0, 'fourier_order': 5.0}","[{'Month': Timestamp('2024-07-01 00:00:00'), 'forecast': 3322193.0331355697, 'Consumption': 5160029.0}, {'Month': Timestamp('2024-08-01 00:00:00'), 'forecast': 3106756.705384639, 'Consumption': 3688159.0}, {'Month': Timestamp('2024-09-01 00:00:00'), 'forecast': 2535046.1269442905, 'Consumption': 4137259.0}, {'Month': Timestamp('2024-10-01 00:00:00'), 'forecast': 3436117.140005348, 'Consumption': 3888397.0}, {'Month': Timestamp('2024-11-01 00:00:00'), 'forecast': 2834086.626607511, 'Consumption': 3635857.0}, {'Month': Timestamp('2024-12-01 00:00:00'), 'forecast': 3366471.5626470777, 'Consumption': 3500839.0}]",,901644.8009,21.27%,1091497.684,-2.851504947,-901644.8009
14,prophet_Consumption_6_20250709180055,prophet,Consumption,,"{'changepoint_prior_scale': [0.01, 0.1, 1], 'seasonality_prior_scale': [5, 10, 15, 20], 'fourier_order': [5, 10]}",365.25,65,6,True,['Oil_Price'],True,1/1/2019 0:00,12/1/2024 0:00,"{'changepoint_prior_scale': 0.01, 'seasonality_prior_scale': 15.0, 'fourier_order': 10.0}","[{'Month': Timestamp('2024-07-01 00:00:00'), 'forecast': 3127146.467773899, 'Consumption': 5160029.0}, {'Month': Timestamp('2024-08-01 00:00:00'), 'forecast': 4445132.842670104, 'Consumption': 3688159.0}, {'Month': Timestamp('2024-09-01 00:00:00'), 'forecast': 3659994.634063832, 'Consumption': 4137259.0}, {'Month': Timestamp('2024-10-01 00:00:00'), 'forecast': 4513165.065111607, 'Consumption': 3888397.0}, {'Month': Timestamp('2024-11-01 00:00:00'), 'forecast': 2333508.723467596, 'Consumption': 3635857.0}, {'Month': Timestamp('2024-12-01 00:00:00'), 'forecast': 4221291.581653102, 'Consumption': 3500839.0}]",,985781.6107,23.99%,1120929.685,-3.062015383,-285050.1142
15,prophet_Consumption_6_20250709180106,prophet,Consumption,,"{'changepoint_prior_scale': [0.01, 0.1, 1], 'seasonality_prior_scale': [5, 10, 15, 20], 'fourier_order': [5, 10]}",365.25,65,6,True,['Sales'],True,1/1/2019 0:00,12/1/2024 0:00,"{'changepoint_prior_scale': 0.1, 'seasonality_prior_scale': 5.0, 'fourier_order': 5.0}","[{'Month': Timestamp('2024-07-01 00:00:00'), 'forecast': 3322193.033135563, 'Consumption': 5160029.0}, {'Month': Timestamp('2024-08-01 00:00:00'), 'forecast': 3106756.7053846326, 'Consumption': 3688159.0}, {'Month': Timestamp('2024-09-01 00:00:00'), 'forecast': 2535046.1269442835, 'Consumption': 4137259.0}, {'Month': Timestamp('2024-10-01 00:00:00'), 'forecast': 3436117.140005341, 'Consumption': 3888397.0}, {'Month': Timestamp('2024-11-01 00:00:00'), 'forecast': 2834086.6266075037, 'Consumption': 3635857.0}, {'Month': Timestamp('2024-12-01 00:00:00'), 'forecast': 3366471.5626470707, 'Consumption': 3500839.0}]",,901644.8009,21.27%,1091497.684,-2.851504947,-901644.8009
16,prophet_Consumption_6_20250709180115,prophet,Consumption,,"{'changepoint_prior_scale': [0.01, 0.1, 1], 'seasonality_prior_scale': [5, 10, 15, 20], 'fourier_order': [5, 10]}",365.25,65,6,False,,True,1/1/2019 0:00,12/1/2024 0:00,"{'changepoint_prior_scale': 0.01, 'seasonality_prior_scale': 15.0, 'fourier_order': 10.0}","[{'Month': Timestamp('2024-07-01 00:00:00'), 'forecast': 3127146.4677838944, 'Consumption': 5160029.0}, {'Month': Timestamp('2024-08-01 00:00:00'), 'forecast': 4445132.842680353, 'Consumption': 3688159.0}, {'Month': Timestamp('2024-09-01 00:00:00'), 'forecast': 3659994.6340743345, 'Consumption': 4137259.0}, {'Month': Timestamp('2024-10-01 00:00:00'), 'forecast': 4513165.065122355, 'Consumption': 3888397.0}, {'Month': Timestamp('2024-11-01 00:00:00'), 'forecast': 2333508.7234785976, 'Consumption': 3635857.0}, {'Month': Timestamp('2024-12-01 00:00:00'), 'forecast': 4221291.58166435, 'Consumption': 3500839.0}]",,985781.6107,23.99%,1120929.685,-3.062015383,-285050.1142
17,prophet_Consumption_6_20250709180125,prophet,Consumption,,"{'changepoint_prior_scale': [0.01, 0.1, 1], 'seasonality_prior_scale': [5, 10, 15, 20], 'fourier_order': [5, 10]}",365.25,65,6,False,,True,1/1/2019 0:00,12/1/2024 0:00,"{'changepoint_prior_scale': 0.01, 'seasonality_prior_scale': 15.0, 'fourier_order': 10.0}","[{'Month': Timestamp('2024-07-01 00:00:00'), 'forecast': 3127146.4677838944, 'Consumption': 5160029.0}, {'Month': Timestamp('2024-08-01 00:00:00'), 'forecast': 4445132.842680353, 'Consumption': 3688159.0}, {'Month': Timestamp('2024-09-01 00:00:00'), 'forecast': 3659994.6340743345, 'Consumption': 4137259.0}, {'Month': Timestamp('2024-10-01 00:00:00'), 'forecast': 4513165.065122355, 'Consumption': 3888397.0}, {'Month': Timestamp('2024-11-01 00:00:00'), 'forecast': 2333508.7234785976, 'Consumption': 3635857.0}, {'Month': Timestamp('2024-12-01 00:00:00'), 'forecast': 4221291.58166435, 'Consumption': 3500839.0}]",,985781.6107,23.99%,1120929.685,-3.062015383,-285050.1142
18,prophet_Consumption_6_20250709180136,prophet,Consumption,,"{'changepoint_prior_scale': [0.01, 0.1, 1], 'seasonality_prior_scale': [5, 10, 15, 20], 'fourier_order': [5, 10]}",365.25,63,6,True,"['Oil_Price', 'Sales']",True,1/1/2019 0:00,10/1/2024 0:00,"{'changepoint_prior_scale': 1.0, 'seasonality_prior_scale': 15.0, 'fourier_order': 10.0}","[{'Month': Timestamp('2024-05-01 00:00:00'), 'forecast': 4603917.141255371, 'Consumption': 5536059.0}, {'Month': Timestamp('2024-06-01 00:00:00'), 'forecast': 4130734.1791508277, 'Consumption': 3396758.0}, {'Month': Timestamp('2024-07-01 00:00:00'), 'forecast': 3439827.963082072, 'Consumption': 5160029.0}, {'Month': Timestamp('2024-08-01 00:00:00'), 'forecast': 4934045.1215900425, 'Consumption': 3688159.0}, {'Month': Timestamp('2024-09-01 00:00:00'), 'forecast': 4587105.17193942, 'Consumption': 4137259.0}, {'Month': Timestamp('2024-10-01 00:00:00'), 'forecast': 5138492.466886619, 'Consumption': 3888397.0}]",,1055357.806,24.76%,1131667.911,-1.103150983,171243.5073
19,prophet_Consumption_6_20250709180147,prophet,Consumption,,"{'changepoint_prior_scale': [0.01, 0.1, 1], 'seasonality_prior_scale': [5, 10, 15, 20], 'fourier_order': [5, 10]}",365.25,63,6,True,['Oil_Price'],True,1/1/2019 0:00,10/1/2024 0:00,"{'changepoint_prior_scale': 0.1, 'seasonality_prior_scale': 5.0, 'fourier_order': 5.0}","[{'Month': Timestamp('2024-05-01 00:00:00'), 'forecast': 3778755.186891939, 'Consumption': 5536059.0}, {'Month': Timestamp('2024-06-01 00:00:00'), 'forecast': 4402723.367888073, 'Consumption': 3396758.0}, {'Month': Timestamp('2024-07-01 00:00:00'), 'forecast': 4374298.2620625775, 'Consumption': 5160029.0}, {'Month': Timestamp('2024-08-01 00:00:00'), 'forecast': 4366184.486104478, 'Consumption': 3688159.0}, {'Month': Timestamp('2024-09-01 00:00:00'), 'forecast': 3461251.664125718, 'Consumption': 4137259.0}, {'Month': Timestamp('2024-10-01 00:00:00'), 'forecast': 4497131.552257341, 'Consumption': 3888397.0}]",,918627.8822,21.16%,1000393.093,-0.643515549,-154386.0801
20,prophet_Consumption_6_20250709180157,prophet,Consumption,,"{'changepoint_prior_scale': [0.01, 0.1, 1], 'seasonality_prior_scale': [5, 10, 15, 20], 'fourier_order': [5, 10]}",365.25,63,6,True,['Sales'],True,1/1/2019 0:00,10/1/2024 0:00,"{'changepoint_prior_scale': 1.0, 'seasonality_prior_scale': 15.0, 'fourier_order': 10.0}","[{'Month': Timestamp('2024-05-01 00:00:00'), 'forecast': 4603916.598586054, 'Consumption': 5536059.0}, {'Month': Timestamp('2024-06-01 00:00:00'), 'forecast': 4130733.6227359893, 'Consumption': 3396758.0}, {'Month': Timestamp('2024-07-01 00:00:00'), 'forecast': 3439827.3933651163, 'Consumption': 5160029.0}, {'Month': Timestamp('2024-08-01 00:00:00'), 'forecast': 4934044.538127567, 'Consumption': 3688159.0}, {'Month': Timestamp('2024-09-01 00:00:00'), 'forecast': 4587104.574731424, 'Consumption': 4137259.0}, {'Month': Timestamp('2024-10-01 00:00:00'), 'forecast': 5138491.856376507, 'Consumption': 3888397.0}]",,1055357.6,24.76%,1131667.811,-1.10315061,171242.9307
21,prophet_Consumption_6_20250709180207,prophet,Consumption,,"{'changepoint_prior_scale': [0.01, 0.1, 1], 'seasonality_prior_scale': [5, 10, 15, 20], 'fourier_order': [5, 10]}",365.25,63,6,False,,True,1/1/2019 0:00,10/1/2024 0:00,"{'changepoint_prior_scale': 0.1, 'seasonality_prior_scale': 5.0, 'fourier_order': 5.0}","[{'Month': Timestamp('2024-05-01 00:00:00'), 'forecast': 3778755.186282766, 'Consumption': 5536059.0}, {'Month': Timestamp('2024-06-01 00:00:00'), 'forecast': 4402723.367268109, 'Consumption': 3396758.0}, {'Month': Timestamp('2024-07-01 00:00:00'), 'forecast': 4374298.26143217, 'Consumption': 5160029.0}, {'Month': Timestamp('2024-08-01 00:00:00'), 'forecast': 4366184.48546328, 'Consumption': 3688159.0}, {'Month': Timestamp('2024-09-01 00:00:00'), 'forecast': 3461251.663473728, 'Consumption': 4137259.0}, {'Month': Timestamp('2024-10-01 00:00:00'), 'forecast': 4497131.55159491, 'Consumption': 3888397.0}]",,918627.8822,21.16%,1000393.093,-0.64351555,-154386.0807
22,prophet_Consumption_6_20250709180218,prophet,Consumption,,"{'changepoint_prior_scale': [0.01, 0.1, 1], 'seasonality_prior_scale': [5, 10, 15, 20], 'fourier_order': [5, 10]}",365.25,63,6,False,,True,1/1/2019 0:00,10/1/2024 0:00,"{'changepoint_prior_scale': 0.1, 'seasonality_prior_scale': 5.0, 'fourier_order': 5.0}","[{'Month': Timestamp('2024-05-01 00:00:00'), 'forecast': 3778755.186282766, 'Consumption': 5536059.0}, {'Month': Timestamp('2024-06-01 00:00:00'), 'forecast': 4402723.367268109, 'Consumption': 3396758.0}, {'Month': Timestamp('2024-07-01 00:00:00'), 'forecast': 4374298.26143217, 'Consumption': 5160029.0}, {'Month': Timestamp('2024-08-01 00:00:00'), 'forecast': 4366184.48546328, 'Consumption': 3688159.0}, {'Month': Timestamp('2024-09-01 00:00:00'), 'forecast': 3461251.663473728, 'Consumption': 4137259.0}, {'Month': Timestamp('2024-10-01 00:00:00'), 'forecast': 4497131.55159491, 'Consumption': 3888397.0}]",,918627.8822,21.16%,1000393.093,-0.64351555,-154386.0807
23,prophet_Consumption_6_20250709180229,prophet,Consumption,,"{'changepoint_prior_scale': [0.01, 0.1, 1], 'seasonality_prior_scale': [5, 10, 15, 20], 'fourier_order': [5, 10]}",365.25,61,6,True,"['Oil_Price', 'Sales']",True,1/1/2019 0:00,8/1/2024 0:00,"{'changepoint_prior_scale': 1.0, 'seasonality_prior_scale': 10.0, 'fourier_order': 5.0}","[{'Month': Timestamp('2024-03-01 00:00:00'), 'forecast': 4389401.204447096, 'Consumption': 4484904.0}, {'Month': Timestamp('2024-04-01 00:00:00'), 'forecast': 4138045.082490257, 'Consumption': 3910669.0}, {'Month': Timestamp('2024-05-01 00:00:00'), 'forecast': 4264296.859482907, 'Consumption': 5536059.0}, {'Month': Timestamp('2024-06-01 00:00:00'), 'forecast': 4658346.405369172, 'Consumption': 3396758.0}, {'Month': Timestamp('2024-07-01 00:00:00'), 'forecast': 4750474.4222638775, 'Consumption': 5160029.0}, {'Month': Timestamp('2024-08-01 00:00:00'), 'forecast': 4669804.686854739, 'Consumption': 3688159.0}]",,707904.9481,17.10%,856462.5036,-0.215852687,115631.7768
24,prophet_Consumption_6_20250709180239,prophet,Consumption,,"{'changepoint_prior_scale': [0.01, 0.1, 1], 'seasonality_prior_scale': [5, 10, 15, 20], 'fourier_order': [5, 10]}",365.25,61,6,True,['Oil_Price'],True,1/1/2019 0:00,8/1/2024 0:00,"{'changepoint_prior_scale': 1.0, 'seasonality_prior_scale': 10.0, 'fourier_order': 5.0}","[{'Month': Timestamp('2024-03-01 00:00:00'), 'forecast': 4582906.64446961, 'Consumption': 4484904.0}, {'Month': Timestamp('2024-04-01 00:00:00'), 'forecast': 4186175.5561423684, 'Consumption': 3910669.0}, {'Month': Timestamp('2024-05-01 00:00:00'), 'forecast': 4109839.6428659973, 'Consumption': 5536059.0}, {'Month': Timestamp('2024-06-01 00:00:00'), 'forecast': 4813049.54733426, 'Consumption': 3396758.0}, {'Month': Timestamp('2024-07-01 00:00:00'), 'forecast': 4858182.011252875, 'Consumption': 5160029.0}, {'Month': Timestamp('2024-08-01 00:00:00'), 'forecast': 4855887.982016447, 'Consumption': 3688159.0}]",,780932.6793,19.03%,964381.8713,-0.541566721,204910.564
25,prophet_Consumption_6_20250709180250,prophet,Consumption,,"{'changepoint_prior_scale': [0.01, 0.1, 1], 'seasonality_prior_scale': [5, 10, 15, 20], 'fourier_order': [5, 10]}",365.25,61,6,True,['Sales'],True,1/1/2019 0:00,8/1/2024 0:00,"{'changepoint_prior_scale': 1.0, 'seasonality_prior_scale': 10.0, 'fourier_order': 5.0}","[{'Month': Timestamp('2024-03-01 00:00:00'), 'forecast': 4389401.312602472, 'Consumption': 4484904.0}, {'Month': Timestamp('2024-04-01 00:00:00'), 'forecast': 4138045.1939397072, 'Consumption': 3910669.0}, {'Month': Timestamp('2024-05-01 00:00:00'), 'forecast': 4264296.974120172, 'Consumption': 5536059.0}, {'Month': Timestamp('2024-06-01 00:00:00'), 'forecast': 4658346.523300513, 'Consumption': 3396758.0}, {'Month': Timestamp('2024-07-01 00:00:00'), 'forecast': 4750474.543383032, 'Consumption': 5160029.0}, {'Month': Timestamp('2024-08-01 00:00:00'), 'forecast': 4669804.811267968, 'Consumption': 3688159.0}]",,707904.9497,17.10%,856462.5212,-0.215852737,115631.8931
26,prophet_Consumption_6_20250709180300,prophet,Consumption,,"{'changepoint_prior_scale': [0.01, 0.1, 1], 'seasonality_prior_scale': [5, 10, 15, 20], 'fourier_order': [5, 10]}",365.25,61,6,False,,True,1/1/2019 0:00,8/1/2024 0:00,"{'changepoint_prior_scale': 1.0, 'seasonality_prior_scale': 10.0, 'fourier_order': 5.0}","[{'Month': Timestamp('2024-03-01 00:00:00'), 'forecast': 4582872.766412509, 'Consumption': 4484904.0}, {'Month': Timestamp('2024-04-01 00:00:00'), 'forecast': 4186140.4355293857, 'Consumption': 3910669.0}, {'Month': Timestamp('2024-05-01 00:00:00'), 'forecast': 4109803.251866034, 'Consumption': 5536059.0}, {'Month': Timestamp('2024-06-01 00:00:00'), 'forecast': 4813011.657388923, 'Consumption': 3396758.0}, {'Month': Timestamp('2024-07-01 00:00:00'), 'forecast': 4858142.512254786, 'Consumption': 5160029.0}, {'Month': Timestamp('2024-08-01 00:00:00'), 'forecast': 4855846.815418954, 'Consumption': 3688159.0}]",,780920.6518,19.03%,964373.0742,-0.541538597,204873.2398
27,prophet_Consumption_6_20250709180310,prophet,Consumption,,"{'changepoint_prior_scale': [0.01, 0.1, 1], 'seasonality_prior_scale': [5, 10, 15, 20], 'fourier_order': [5, 10]}",365.25,61,6,False,,True,1/1/2019 0:00,8/1/2024 0:00,"{'changepoint_prior_scale': 1.0, 'seasonality_prior_scale': 10.0, 'fourier_order': 5.0}","[{'Month': Timestamp('2024-03-01 00:00:00'), 'forecast': 4582872.766412509, 'Consumption': 4484904.0}, {'Month': Timestamp('2024-04-01 00:00:00'), 'forecast': 4186140.4355293857, 'Consumption': 3910669.0}, {'Month': Timestamp('2024-05-01 00:00:00'), 'forecast': 4109803.251866034, 'Consumption': 5536059.0}, {'Month': Timestamp('2024-06-01 00:00:00'), 'forecast': 4813011.657388923, 'Consumption': 3396758.0}, {'Month': Timestamp('2024-07-01 00:00:00'), 'forecast': 4858142.512254786, 'Consumption': 5160029.0}, {'Month': Timestamp('2024-08-01 00:00:00'), 'forecast': 4855846.815418954, 'Consumption': 3688159.0}]",,780920.6518,19.03%,964373.0742,-0.541538597,204873.2398
28,ma_Sales_6_20250709180322,ma,Sales,4,,,,6,False,,True,1/1/2022 0:00,5/1/2025 0:00,,"[{'Month': Timestamp('2024-12-01 00:00:00'), 'forecast': 3382502.7974999994, 'Sales': 4162649.379999999}, {'Month': Timestamp('2025-01-01 00:00:00'), 'forecast': 3382502.7974999994, 'Sales': 1584992.3099999998}, {'Month': Timestamp('2025-02-01 00:00:00'), 'forecast': 3382502.7974999994, 'Sales': 3191815.009999999}, {'Month': Timestamp('2025-03-01 00:00:00'), 'forecast': 3382502.7974999994, 'Sales': 3982548.789999999}, {'Month': Timestamp('2025-04-01 00:00:00'), 'forecast': 3382502.7974999994, 'Sales': 3142322.3999999985}, {'Month': Timestamp('2025-05-01 00:00:00'), 'forecast': 3382502.7974999994, 'Sales': 4441144.319999999}]",,777868.795,30.78%,949955.9783,-0.001365222,-35075.90417
29,ma_Sales_6_20250709180322,ma,Sales,6,,,,6,False,,True,1/1/2022 0:00,5/1/2025 0:00,,"[{'Month': Timestamp('2024-12-01 00:00:00'), 'forecast': 3345960.856666667, 'Sales': 4162649.379999999}, {'Month': Timestamp('2025-01-01 00:00:00'), 'forecast': 3345960.856666667, 'Sales': 1584992.3099999998}, {'Month': Timestamp('2025-02-01 00:00:00'), 'forecast': 3345960.856666667, 'Sales': 3191815.009999999}, {'Month': Timestamp('2025-03-01 00:00:00'), 'forecast': 3345960.856666667, 'Sales': 3982548.789999999}, {'Month': Timestamp('2025-04-01 00:00:00'), 'forecast': 3345960.856666667, 'Sales': 3142322.3999999985}, {'Month': Timestamp('2025-05-01 00:00:00'), 'forecast': 3345960.856666667, 'Sales': 4441144.319999999}]",,777868.795,30.45%,952005.86,-0.005691517,-71617.845
30,ma_Sales_6_20250709180322,ma,Sales,8,,,,6,False,,True,1/1/2022 0:00,5/1/2025 0:00,,"[{'Month': Timestamp('2024-12-01 00:00:00'), 'forecast': 3525159.3862499995, 'Sales': 4162649.379999999}, {'Month': Timestamp('2025-01-01 00:00:00'), 'forecast': 3525159.3862499995, 'Sales': 1584992.3099999998}, {'Month': Timestamp('2025-02-01 00:00:00'), 'forecast': 3525159.3862499995, 'Sales': 3191815.009999999}, {'Month': Timestamp('2025-03-01 00:00:00'), 'forecast': 3525159.3862499995, 'Sales': 3982548.789999999}, {'Month': Timestamp('2025-04-01 00:00:00'), 'forecast': 3525159.3862499995, 'Sales': 3142322.3999999985}, {'Month': Timestamp('2025-05-01 00:00:00'), 'forecast': 3525159.3862499995, 'Sales': 4441144.319999999}]",,777868.795,32.08%,955384.5537,-0.012842635,107580.6846
31,ma_Sales_6_20250709180322,ma,Sales,10,,,,6,False,,True,1/1/2022 0:00,5/1/2025 0:00,,"[{'Month': Timestamp('2024-12-01 00:00:00'), 'forecast': 3471152.152, 'Sales': 4162649.379999999}, {'Month': Timestamp('2025-01-01 00:00:00'), 'forecast': 3471152.152, 'Sales': 1584992.3099999998}, {'Month': Timestamp('2025-02-01 00:00:00'), 'forecast': 3471152.152, 'Sales': 3191815.009999999}, {'Month': Timestamp('2025-03-01 00:00:00'), 'forecast': 3471152.152, 'Sales': 3982548.789999999}, {'Month': Timestamp('2025-04-01 00:00:00'), 'forecast': 3471152.152, 'Sales': 3142322.3999999985}, {'Month': Timestamp('2025-05-01 00:00:00'), 'forecast': 3471152.152, 'Sales': 4441144.319999999}]",,777868.795,31.59%,950818.6769,-0.003184819,53573.45033
32,ma_Sales_6_20250709180322,ma,Sales,4,,,,6,False,,True,1/1/2022 0:00,3/1/2025 0:00,,"[{'Month': Timestamp('2024-10-01 00:00:00'), 'forecast': 3556039.1324999994, 'Sales': 2944637.78}, {'Month': Timestamp('2024-11-01 00:00:00'), 'forecast': 3556039.1324999994, 'Sales': 2906970.83}, {'Month': Timestamp('2024-12-01 00:00:00'), 'forecast': 3556039.1324999994, 'Sales': 4162649.379999999}, {'Month': Timestamp('2025-01-01 00:00:00'), 'forecast': 3556039.1324999994, 'Sales': 1584992.3099999998}, {'Month': Timestamp('2025-02-01 00:00:00'), 'forecast': 3556039.1324999994, 'Sales': 3191815.009999999}, {'Month': Timestamp('2025-03-01 00:00:00'), 'forecast': 3556039.1324999994, 'Sales': 3982548.789999999}]",,771476.7508,34.02%,945398.7292,-0.25643415,427103.4492
33,ma_Sales_6_20250709180322,ma,Sales,6,,,,6,False,,True,1/1/2022 0:00,3/1/2025 0:00,,"[{'Month': Timestamp('2024-10-01 00:00:00'), 'forecast': 3724944.4133333326, 'Sales': 2944637.78}, {'Month': Timestamp('2024-11-01 00:00:00'), 'forecast': 3724944.4133333326, 'Sales': 2906970.83}, {'Month': Timestamp('2024-12-01 00:00:00'), 'forecast': 3724944.4133333326, 'Sales': 4162649.379999999}, {'Month': Timestamp('2025-01-01 00:00:00'), 'forecast': 3724944.4133333326, 'Sales': 1584992.3099999998}, {'Month': Timestamp('2025-02-01 00:00:00'), 'forecast': 3724944.4133333326, 'Sales': 3191815.009999999}, {'Month': Timestamp('2025-03-01 00:00:00'), 'forecast': 3724944.4133333326, 'Sales': 3982548.789999999}]",,827778.5111,37.22%,1032757.381,-0.499361374,596008.73
34,ma_Sales_6_20250709180322,ma,Sales,8,,,,6,False,,True,1/1/2022 0:00,3/1/2025 0:00,,"[{'Month': Timestamp('2024-10-01 00:00:00'), 'forecast': 3607489.1137499996, 'Sales': 2944637.78}, {'Month': Timestamp('2024-11-01 00:00:00'), 'forecast': 3607489.1137499996, 'Sales': 2906970.83}, {'Month': Timestamp('2024-12-01 00:00:00'), 'forecast': 3607489.1137499996, 'Sales': 4162649.379999999}, {'Month': Timestamp('2025-01-01 00:00:00'), 'forecast': 3607489.1137499996, 'Sales': 1584992.3099999998}, {'Month': Timestamp('2025-02-01 00:00:00'), 'forecast': 3607489.1137499996, 'Sales': 3191815.009999999}, {'Month': Timestamp('2025-03-01 00:00:00'), 'forecast': 3607489.1137499996, 'Sales': 3982548.789999999}]",,788626.7446,35.00%,969729.2337,-0.321936762,478553.4304
35,ma_Sales_6_20250709180322,ma,Sales,10,,,,6,False,,True,1/1/2022 0:00,3/1/2025 0:00,,"[{'Month': Timestamp('2024-10-01 00:00:00'), 'forecast': 3589581.7339999997, 'Sales': 2944637.78}, {'Month': Timestamp('2024-11-01 00:00:00'), 'forecast': 3589581.7339999997, 'Sales': 2906970.83}, {'Month': Timestamp('2024-12-01 00:00:00'), 'forecast': 3589581.7339999997, 'Sales': 4162649.379999999}, {'Month': Timestamp('2025-01-01 00:00:00'), 'forecast': 3589581.7339999997, 'Sales': 1584992.3099999998}, {'Month': Timestamp('2025-02-01 00:00:00'), 'forecast': 3589581.7339999997, 'Sales': 3191815.009999999}, {'Month': Timestamp('2025-03-01 00:00:00'), 'forecast': 3589581.7339999997, 'Sales': 3982548.789999999}]",,782657.618,34.66%,961018.3062,-0.298293924,460646.0507
36,ma_Sales_6_20250709180322,ma,Sales,4,,,,6,False,,True,1/1/2022 0:00,1/1/2025 0:00,,"[{'Month': Timestamp('2024-08-01 00:00:00'), 'forecast': 3667815.9749999996, 'Sales': 3129936.57}, {'Month': Timestamp('2024-09-01 00:00:00'), 'forecast': 3667815.9749999996, 'Sales': 4548466.009999999}, {'Month': Timestamp('2024-10-01 00:00:00'), 'forecast': 3667815.9749999996, 'Sales': 2944637.78}, {'Month': Timestamp('2024-11-01 00:00:00'), 'forecast': 3667815.9749999996, 'Sales': 2906970.83}, {'Month': Timestamp('2024-12-01 00:00:00'), 'forecast': 3667815.9749999996, 'Sales': 4162649.379999999}, {'Month': Timestamp('2025-01-01 00:00:00'), 'forecast': 3667815.9749999996, 'Sales': 1584992.3099999998}]",,913368.3083,38.43%,1060640.16,-0.22538075,454873.8283
37,ma_Sales_6_20250709180322,ma,Sales,6,,,,6,False,,True,1/1/2022 0:00,1/1/2025 0:00,,"[{'Month': Timestamp('2024-08-01 00:00:00'), 'forecast': 3530251.721666666, 'Sales': 3129936.57}, {'Month': Timestamp('2024-09-01 00:00:00'), 'forecast': 3530251.721666666, 'Sales': 4548466.009999999}, {'Month': Timestamp('2024-10-01 00:00:00'), 'forecast': 3530251.721666666, 'Sales': 2944637.78}, {'Month': Timestamp('2024-11-01 00:00:00'), 'forecast': 3530251.721666666, 'Sales': 2906970.83}, {'Month': Timestamp('2024-12-01 00:00:00'), 'forecast': 3530251.721666666, 'Sales': 4162649.379999999}, {'Month': Timestamp('2025-01-01 00:00:00'), 'forecast': 3530251.721666666, 'Sales': 1584992.3099999998}]",,867513.5572,35.74%,1009322.9,-0.109673392,317309.575
38,ma_Sales_6_20250709180322,ma,Sales,8,,,,6,False,,True,1/1/2022 0:00,1/1/2025 0:00,,"[{'Month': Timestamp('2024-08-01 00:00:00'), 'forecast': 3527176.8449999993, 'Sales': 3129936.57}, {'Month': Timestamp('2024-09-01 00:00:00'), 'forecast': 3527176.8449999993, 'Sales': 4548466.009999999}, {'Month': Timestamp('2024-10-01 00:00:00'), 'forecast': 3527176.8449999993, 'Sales': 2944637.78}, {'Month': Timestamp('2024-11-01 00:00:00'), 'forecast': 3527176.8449999993, 'Sales': 2906970.83}, {'Month': Timestamp('2024-12-01 00:00:00'), 'forecast': 3527176.8449999993, 'Sales': 4162649.379999999}, {'Month': Timestamp('2025-01-01 00:00:00'), 'forecast': 3527176.8449999993, 'Sales': 1584992.3099999998}]",,866488.5983,35.68%,1008360.449,-0.107558119,314234.6983
39,ma_Sales_6_20250709180322,ma,Sales,10,,,,6,False,,True,1/1/2022 0:00,1/1/2025 0:00,,"[{'Month': Timestamp('2024-08-01 00:00:00'), 'forecast': 3443809.8629999994, 'Sales': 3129936.57}, {'Month': Timestamp('2024-09-01 00:00:00'), 'forecast': 3443809.8629999994, 'Sales': 4548466.009999999}, {'Month': Timestamp('2024-10-01 00:00:00'), 'forecast': 3443809.8629999994, 'Sales': 2944637.78}, {'Month': Timestamp('2024-11-01 00:00:00'), 'forecast': 3443809.8629999994, 'Sales': 2906970.83}, {'Month': Timestamp('2024-12-01 00:00:00'), 'forecast': 3443809.8629999994, 'Sales': 4162649.379999999}, {'Month': Timestamp('2025-01-01 00:00:00'), 'forecast': 3443809.8629999994, 'Sales': 1584992.3099999998}]",,838699.6043,34.05%,985569.5062,-0.058057901,230867.7163
40,ma_Sales_6_20250709180322,ma,Sales,4,,,,6,False,,True,1/1/2022 0:00,11/1/2024 0:00,,"[{'Month': Timestamp('2024-06-01 00:00:00'), 'forecast': 3658939.0949999993, 'Sales': 3595323.22}, {'Month': Timestamp('2024-07-01 00:00:00'), 'forecast': 3658939.0949999993, 'Sales': 2950430.7299999995}, {'Month': Timestamp('2024-08-01 00:00:00'), 'forecast': 3658939.0949999993, 'Sales': 3129936.57}, {'Month': Timestamp('2024-09-01 00:00:00'), 'forecast': 3658939.0949999993, 'Sales': 4548466.009999999}, {'Month': Timestamp('2024-10-01 00:00:00'), 'forecast': 3658939.0949999993, 'Sales': 2944637.78}, {'Month': Timestamp('2024-11-01 00:00:00'), 'forecast': 3658939.0949999993, 'Sales': 2906970.83}]",,609487.21,18.73%,664933.0201,-0.284604634,312978.2383
41,ma_Sales_6_20250709180322,ma,Sales,6,,,,6,False,,True,1/1/2022 0:00,11/1/2024 0:00,,"[{'Month': Timestamp('2024-06-01 00:00:00'), 'forecast': 3611943.4683333323, 'Sales': 3595323.22}, {'Month': Timestamp('2024-07-01 00:00:00'), 'forecast': 3611943.4683333323, 'Sales': 2950430.7299999995}, {'Month': Timestamp('2024-08-01 00:00:00'), 'forecast': 3611943.4683333323, 'Sales': 3129936.57}, {'Month': Timestamp('2024-09-01 00:00:00'), 'forecast': 3611943.4683333323, 'Sales': 4548466.009999999}, {'Month': Timestamp('2024-10-01 00:00:00'), 'forecast': 3611943.4683333323, 'Sales': 2944637.78}, {'Month': Timestamp('2024-11-01 00:00:00'), 'forecast': 3611943.4683333323, 'Sales': 2906970.83}]",,578156.7922,17.63%,644148.5024,-0.205551275,265982.6117
42,ma_Sales_6_20250709180322,ma,Sales,8,,,,6,False,,True,1/1/2022 0:00,11/1/2024 0:00,,"[{'Month': Timestamp('2024-06-01 00:00:00'), 'forecast': 3486543.0849999995, 'Sales': 3595323.22}, {'Month': Timestamp('2024-07-01 00:00:00'), 'forecast': 3486543.0849999995, 'Sales': 2950430.7299999995}, {'Month': Timestamp('2024-08-01 00:00:00'), 'forecast': 3486543.0849999995, 'Sales': 3129936.57}, {'Month': Timestamp('2024-09-01 00:00:00'), 'forecast': 3486543.0849999995, 'Sales': 4548466.009999999}, {'Month': Timestamp('2024-10-01 00:00:00'), 'forecast': 3486543.0849999995, 'Sales': 2944637.78}, {'Month': Timestamp('2024-11-01 00:00:00'), 'forecast': 3486543.0849999995, 'Sales': 2906970.83}]",,530816.5817,15.71%,603277.6363,-0.0574215,140582.2283
43,ma_Sales_6_20250709180322,ma,Sales,10,,,,6,False,,True,1/1/2022 0:00,11/1/2024 0:00,,"[{'Month': Timestamp('2024-06-01 00:00:00'), 'forecast': 3934958.693999999, 'Sales': 3595323.22}, {'Month': Timestamp('2024-07-01 00:00:00'), 'forecast': 3934958.693999999, 'Sales': 2950430.7299999995}, {'Month': Timestamp('2024-08-01 00:00:00'), 'forecast': 3934958.693999999, 'Sales': 3129936.57}, {'Month': Timestamp('2024-09-01 00:00:00'), 'forecast': 3934958.693999999, 'Sales': 4548466.009999999}, {'Month': Timestamp('2024-10-01 00:00:00'), 'forecast': 3934958.693999999, 'Sales': 2944637.78}, {'Month': Timestamp('2024-11-01 00:00:00'), 'forecast': 3934958.693999999, 'Sales': 2906970.83}]",,793500.276,25.17%,831323.6409,-1.007954862,588997.8373
44,ma_Consumption_6_20250709180322,ma,Consumption,4,,,,6,False,,True,1/1/2019 0:00,2/1/2025 0:00,,"[{'Month': Timestamp('2024-09-01 00:00:00'), 'forecast': 4445251.25, 'Consumption': 4137259.0}, {'Month': Timestamp('2024-10-01 00:00:00'), 'forecast': 4445251.25, 'Consumption': 3888397.0}, {'Month': Timestamp('2024-11-01 00:00:00'), 'forecast': 4445251.25, 'Consumption': 3635857.0}, {'Month': Timestamp('2024-12-01 00:00:00'), 'forecast': 4445251.25, 'Consumption': 3500839.0}, {'Month': Timestamp('2025-01-01 00:00:00'), 'forecast': 4445251.25, 'Consumption': 4815265.0}, {'Month': Timestamp('2025-02-01 00:00:00'), 'forecast': 4445251.25, 'Consumption': 4769272.0}]",,552114.5833,14.25%,604687.1165,-0.391596382,320769.75
45,ma_Consumption_6_20250709180322,ma,Consumption,6,,,,6,False,,True,1/1/2019 0:00,2/1/2025 0:00,,"[{'Month': Timestamp('2024-09-01 00:00:00'), 'forecast': 4362763.0, 'Consumption': 4137259.0}, {'Month': Timestamp('2024-10-01 00:00:00'), 'forecast': 4362763.0, 'Consumption': 3888397.0}, {'Month': Timestamp('2024-11-01 00:00:00'), 'forecast': 4362763.0, 'Consumption': 3635857.0}, {'Month': Timestamp('2024-12-01 00:00:00'), 'forecast': 4362763.0, 'Consumption': 3500839.0}, {'Month': Timestamp('2025-01-01 00:00:00'), 'forecast': 4362763.0, 'Consumption': 4815265.0}, {'Month': Timestamp('2025-02-01 00:00:00'), 'forecast': 4362763.0, 'Consumption': 4769272.0}]",,524618.5,13.36%,565271.0408,-0.216088926,238281.5
46,ma_Consumption_6_20250709180322,ma,Consumption,8,,,,6,False,,True,1/1/2019 0:00,2/1/2025 0:00,,"[{'Month': Timestamp('2024-09-01 00:00:00'), 'forecast': 4279650.125, 'Consumption': 4137259.0}, {'Month': Timestamp('2024-10-01 00:00:00'), 'forecast': 4279650.125, 'Consumption': 3888397.0}, {'Month': Timestamp('2024-11-01 00:00:00'), 'forecast': 4279650.125, 'Consumption': 3635857.0}, {'Month': Timestamp('2024-12-01 00:00:00'), 'forecast': 4279650.125, 'Consumption': 3500839.0}, {'Month': Timestamp('2025-01-01 00:00:00'), 'forecast': 4279650.125, 'Consumption': 4815265.0}, {'Month': Timestamp('2025-02-01 00:00:00'), 'forecast': 4279650.125, 'Consumption': 4769272.0}]",,496914.2083,12.47%,535565.6622,-0.091634641,155168.625
47,ma_Consumption_6_20250709180322,ma,Consumption,10,,,,6,False,,True,1/1/2019 0:00,2/1/2025 0:00,,"[{'Month': Timestamp('2024-09-01 00:00:00'), 'forecast': 4329365.8, 'Consumption': 4137259.0}, {'Month': Timestamp('2024-10-01 00:00:00'), 'forecast': 4329365.8, 'Consumption': 3888397.0}, {'Month': Timestamp('2024-11-01 00:00:00'), 'forecast': 4329365.8, 'Consumption': 3635857.0}, {'Month': Timestamp('2024-12-01 00:00:00'), 'forecast': 4329365.8, 'Consumption': 3500839.0}, {'Month': Timestamp('2025-01-01 00:00:00'), 'forecast': 4329365.8, 'Consumption': 4815265.0}, {'Month': Timestamp('2025-02-01 00:00:00'), 'forecast': 4329365.8, 'Consumption': 4769272.0}]",,513486.1,13.01%,552024.3226,-0.15976043,204884.3
48,ma_Consumption_6_20250709180322,ma,Consumption,4,,,,6,False,,True,1/1/2019 0:00,12/1/2024 0:00,,"[{'Month': Timestamp('2024-07-01 00:00:00'), 'forecast': 4332097.5, 'Consumption': 5160029.0}, {'Month': Timestamp('2024-08-01 00:00:00'), 'forecast': 4332097.5, 'Consumption': 3688159.0}, {'Month': Timestamp('2024-09-01 00:00:00'), 'forecast': 4332097.5, 'Consumption': 4137259.0}, {'Month': Timestamp('2024-10-01 00:00:00'), 'forecast': 4332097.5, 'Consumption': 3888397.0}, {'Month': Timestamp('2024-11-01 00:00:00'), 'forecast': 4332097.5, 'Consumption': 3635857.0}, {'Month': Timestamp('2024-12-01 00:00:00'), 'forecast': 4332097.5, 'Consumption': 3500839.0}]",,606318,15.42%,646877.2505,-0.352784376,330340.8333
49,ma_Consumption_6_20250709180322,ma,Consumption,6,,,,6,False,,True,1/1/2019 0:00,12/1/2024 0:00,,"[{'Month': Timestamp('2024-07-01 00:00:00'), 'forecast': 4231502.166666667, 'Consumption': 5160029.0}, {'Month': Timestamp('2024-08-01 00:00:00'), 'forecast': 4231502.166666667, 'Consumption': 3688159.0}, {'Month': Timestamp('2024-09-01 00:00:00'), 'forecast': 4231502.166666667, 'Consumption': 4137259.0}, {'Month': Timestamp('2024-10-01 00:00:00'), 'forecast': 4231502.166666667, 'Consumption': 3888397.0}, {'Month': Timestamp('2024-11-01 00:00:00'), 'forecast': 4231502.166666667, 'Consumption': 3635857.0}, {'Month': Timestamp('2024-12-01 00:00:00'), 'forecast': 4231502.166666667, 'Consumption': 3500839.0}]",,539254.4444,13.51%,601754.1905,-0.170639217,229745.5
50,ma_Consumption_6_20250709180322,ma,Consumption,8,,,,6,False,,True,1/1/2019 0:00,12/1/2024 0:00,,"[{'Month': Timestamp('2024-07-01 00:00:00'), 'forecast': 4305683.75, 'Consumption': 5160029.0}, {'Month': Timestamp('2024-08-01 00:00:00'), 'forecast': 4305683.75, 'Consumption': 3688159.0}, {'Month': Timestamp('2024-09-01 00:00:00'), 'forecast': 4305683.75, 'Consumption': 4137259.0}, {'Month': Timestamp('2024-10-01 00:00:00'), 'forecast': 4305683.75, 'Consumption': 3888397.0}, {'Month': Timestamp('2024-11-01 00:00:00'), 'forecast': 4305683.75, 'Consumption': 3635857.0}, {'Month': Timestamp('2024-12-01 00:00:00'), 'forecast': 4305683.75, 'Consumption': 3500839.0}]",,588708.8333,14.92%,633795.5372,-0.298623257,303927.0833
51,ma_Consumption_6_20250709180322,ma,Consumption,10,,,,6,False,,True,1/1/2019 0:00,12/1/2024 0:00,,"[{'Month': Timestamp('2024-07-01 00:00:00'), 'forecast': 4271833.6, 'Consumption': 5160029.0}, {'Month': Timestamp('2024-08-01 00:00:00'), 'forecast': 4271833.6, 'Consumption': 3688159.0}, {'Month': Timestamp('2024-09-01 00:00:00'), 'forecast': 4271833.6, 'Consumption': 4137259.0}, {'Month': Timestamp('2024-10-01 00:00:00'), 'forecast': 4271833.6, 'Consumption': 3888397.0}, {'Month': Timestamp('2024-11-01 00:00:00'), 'forecast': 4271833.6, 'Consumption': 3635857.0}, {'Month': Timestamp('2024-12-01 00:00:00'), 'forecast': 4271833.6, 'Consumption': 3500839.0}]",,566142.0667,14.28%,618277.1716,-0.235808692,270076.9333
52,ma_Consumption_6_20250709180322,ma,Consumption,4,,,,6,False,,True,1/1/2019 0:00,10/1/2024 0:00,,"[{'Month': Timestamp('2024-05-01 00:00:00'), 'forecast': 4114049.0, 'Consumption': 5536059.0}, {'Month': Timestamp('2024-06-01 00:00:00'), 'forecast': 4114049.0, 'Consumption': 3396758.0}, {'Month': Timestamp('2024-07-01 00:00:00'), 'forecast': 4114049.0, 'Consumption': 5160029.0}, {'Month': Timestamp('2024-08-01 00:00:00'), 'forecast': 4114049.0, 'Consumption': 3688159.0}, {'Month': Timestamp('2024-09-01 00:00:00'), 'forecast': 4114049.0, 'Consumption': 4137259.0}, {'Month': Timestamp('2024-10-01 00:00:00'), 'forecast': 4114049.0, 'Consumption': 3888397.0}]",,643338.8333,14.16%,802447.5892,-0.057464512,-187061.1667
53,ma_Consumption_6_20250709180322,ma,Consumption,6,,,,6,False,,True,1/1/2019 0:00,10/1/2024 0:00,,"[{'Month': Timestamp('2024-05-01 00:00:00'), 'forecast': 4252108.833333333, 'Consumption': 5536059.0}, {'Month': Timestamp('2024-06-01 00:00:00'), 'forecast': 4252108.833333333, 'Consumption': 3396758.0}, {'Month': Timestamp('2024-07-01 00:00:00'), 'forecast': 4252108.833333333, 'Consumption': 5160029.0}, {'Month': Timestamp('2024-08-01 00:00:00'), 'forecast': 4252108.833333333, 'Consumption': 3688159.0}, {'Month': Timestamp('2024-09-01 00:00:00'), 'forecast': 4252108.833333333, 'Consumption': 4137259.0}, {'Month': Timestamp('2024-10-01 00:00:00'), 'forecast': 4252108.833333333, 'Consumption': 3888397.0}]",,681622.1111,15.56%,781876.8343,-0.003943195,-49001.33333
54,ma_Consumption_6_20250709180322,ma,Consumption,8,,,,6,False,,True,1/1/2019 0:00,10/1/2024 0:00,,"[{'Month': Timestamp('2024-05-01 00:00:00'), 'forecast': 4223189.875, 'Consumption': 5536059.0}, {'Month': Timestamp('2024-06-01 00:00:00'), 'forecast': 4223189.875, 'Consumption': 3396758.0}, {'Month': Timestamp('2024-07-01 00:00:00'), 'forecast': 4223189.875, 'Consumption': 5160029.0}, {'Month': Timestamp('2024-08-01 00:00:00'), 'forecast': 4223189.875, 'Consumption': 3688159.0}, {'Month': Timestamp('2024-09-01 00:00:00'), 'forecast': 4223189.875, 'Consumption': 4137259.0}, {'Month': Timestamp('2024-10-01 00:00:00'), 'forecast': 4223189.875, 'Consumption': 3888397.0}]",,671982.4583,15.23%,784220.5208,-0.009970882,-77920.29167
55,ma_Consumption_6_20250709180322,ma,Consumption,10,,,,6,False,,True,1/1/2019 0:00,10/1/2024 0:00,,"[{'Month': Timestamp('2024-05-01 00:00:00'), 'forecast': 4470174.1, 'Consumption': 5536059.0}, {'Month': Timestamp('2024-06-01 00:00:00'), 'forecast': 4470174.1, 'Consumption': 3396758.0}, {'Month': Timestamp('2024-07-01 00:00:00'), 'forecast': 4470174.1, 'Consumption': 5160029.0}, {'Month': Timestamp('2024-08-01 00:00:00'), 'forecast': 4470174.1, 'Consumption': 3688159.0}, {'Month': Timestamp('2024-09-01 00:00:00'), 'forecast': 4470174.1, 'Consumption': 4137259.0}, {'Month': Timestamp('2024-10-01 00:00:00'), 'forecast': 4470174.1, 'Consumption': 3888397.0}]",,754310.5333,18.07%,798444.0287,-0.04693906,169063.9333
56,ma_Consumption_6_20250709180322,ma,Consumption,4,,,,6,False,,True,1/1/2019 0:00,8/1/2024 0:00,,"[{'Month': Timestamp('2024-03-01 00:00:00'), 'forecast': 4279270.0, 'Consumption': 4484904.0}, {'Month': Timestamp('2024-04-01 00:00:00'), 'forecast': 4279270.0, 'Consumption': 3910669.0}, {'Month': Timestamp('2024-05-01 00:00:00'), 'forecast': 4279270.0, 'Consumption': 5536059.0}, {'Month': Timestamp('2024-06-01 00:00:00'), 'forecast': 4279270.0, 'Consumption': 3396758.0}, {'Month': Timestamp('2024-07-01 00:00:00'), 'forecast': 4279270.0, 'Consumption': 5160029.0}, {'Month': Timestamp('2024-08-01 00:00:00'), 'forecast': 4279270.0, 'Consumption': 3688159.0}]",,697567.6667,15.96%,781200.6454,-0.011554852,-83493
57,ma_Consumption_6_20250709180322,ma,Consumption,6,,,,6,False,,True,1/1/2019 0:00,8/1/2024 0:00,,"[{'Month': Timestamp('2024-03-01 00:00:00'), 'forecast': 4231657.666666667, 'Consumption': 4484904.0}, {'Month': Timestamp('2024-04-01 00:00:00'), 'forecast': 4231657.666666667, 'Consumption': 3910669.0}, {'Month': Timestamp('2024-05-01 00:00:00'), 'forecast': 4231657.666666667, 'Consumption': 5536059.0}, {'Month': Timestamp('2024-06-01 00:00:00'), 'forecast': 4231657.666666667, 'Consumption': 3396758.0}, {'Month': Timestamp('2024-07-01 00:00:00'), 'forecast': 4231657.666666667, 'Consumption': 5160029.0}, {'Month': Timestamp('2024-08-01 00:00:00'), 'forecast': 4231657.666666667, 'Consumption': 3688159.0}]",,697567.6667,15.79%,787713.1304,-0.028490821,-131105.3333
58,ma_Consumption_6_20250709180322,ma,Consumption,8,,,,6,False,,True,1/1/2019 0:00,8/1/2024 0:00,,"[{'Month': Timestamp('2024-03-01 00:00:00'), 'forecast': 4538271.0, 'Consumption': 4484904.0}, {'Month': Timestamp('2024-04-01 00:00:00'), 'forecast': 4538271.0, 'Consumption': 3910669.0}, {'Month': Timestamp('2024-05-01 00:00:00'), 'forecast': 4538271.0, 'Consumption': 5536059.0}, {'Month': Timestamp('2024-06-01 00:00:00'), 'forecast': 4538271.0, 'Consumption': 3396758.0}, {'Month': Timestamp('2024-07-01 00:00:00'), 'forecast': 4538271.0, 'Consumption': 5160029.0}, {'Month': Timestamp('2024-08-01 00:00:00'), 'forecast': 4538271.0, 'Consumption': 3688159.0}]",,715356.6667,17.33%,796307.9966,-0.051057328,175508
59,ma_Consumption_6_20250709180322,ma,Consumption,10,,,,6,False,,True,1/1/2019 0:00,8/1/2024 0:00,,"[{'Month': Timestamp('2024-03-01 00:00:00'), 'forecast': 4424167.9, 'Consumption': 4484904.0}, {'Month': Timestamp('2024-04-01 00:00:00'), 'forecast': 4424167.9, 'Consumption': 3910669.0}, {'Month': Timestamp('2024-05-01 00:00:00'), 'forecast': 4424167.9, 'Consumption': 5536059.0}, {'Month': Timestamp('2024-06-01 00:00:00'), 'forecast': 4424167.9, 'Consumption': 3396758.0}, {'Month': Timestamp('2024-07-01 00:00:00'), 'forecast': 4424167.9, 'Consumption': 5160029.0}, {'Month': Timestamp('2024-08-01 00:00:00'), 'forecast': 4424167.9, 'Consumption': 3688159.0}]",,697567.6667,16.51%,779149.4908,-0.00624986,61404.9
